case,optimizer,step,risk_mean,risk_std,q_eff_mean,risk_slope_loglog
flat,sgd,250,0.8957102994169478,0.012124491064771729,0.0,-0.40146545910283477
flat,sgd,500,0.7056889202898564,0.007147655724787758,0.0,-0.40146545910283477
flat,sgd,1000,0.5540647602872841,0.0026716121805180283,0.0,-0.40146545910283477
flat,sgd,2000,0.4251023778475572,0.0018056089798141955,0.0,-0.40146545910283477
flat,sgd,4000,0.3187022046689269,0.0008809134611814589,0.0,-0.40146545910283477
flat,sgd,8000,0.2314383382392356,0.0006604873753459659,0.0,-0.40146545910283477
