case,optimizer,step,risk_mean,risk_std,q_eff_mean,risk_slope_loglog
flat,spectral_oracle,250,0.7452496328729566,0.02375367766250737,0.5,-1.2331198919854867
flat,spectral_oracle,500,0.44965699337593656,0.009666884246519606,0.5,-1.2331198919854867
flat,spectral_oracle,1000,0.25683922431989437,0.002396523091163417,0.5,-1.2331198919854867
flat,spectral_oracle,2000,0.1289032180983372,0.0013456965326010036,0.5,-1.2331198919854867
flat,spectral_oracle,4000,0.05197173980419687,0.00046309771000383485,0.5,-1.2331198919854867
flat,spectral_oracle,8000,0.013925090316306335,7.285098844464571e-05,0.5,-1.2331198919854867
