case,optimizer,step,risk_mean,risk_std,q_eff_mean,risk_slope_loglog
aligned,coord_oracle,250,2.2733271680057747,0.022871956324732826,0.4999865397818023,-0.6444290497526932
aligned,coord_oracle,500,1.8347709431670443,0.010071150503080672,0.4999865397818023,-0.6444290497526932
aligned,coord_oracle,1000,1.3239512505119502,0.008862272674522604,0.4999865397818023,-0.6444290497526932
aligned,coord_oracle,2000,0.8587572907503856,0.0065786826027255186,0.4999865397818023,-0.6444290497526932
aligned,coord_oracle,4000,0.5314375248389481,0.0028873672193108994,0.4999865397818023,-0.6444290497526932
aligned,coord_oracle,8000,0.31033400923407267,0.0015963525425183196,0.4999865397818023,-0.6444290497526932
