case,optimizer,step,risk_mean,risk_std,q_eff_mean,risk_slope_loglog
band,coord_oracle,250,1.5160443237498489,0.0204113750926997,0.4987986786781865,-0.816437172226941
band,coord_oracle,500,1.0197361321674385,0.014284922981152103,0.4987986786781865,-0.816437172226941
band,coord_oracle,1000,0.6496390905224214,0.00830035258293501,0.4987986786781865,-0.816437172226941
band,coord_oracle,2000,0.3919584022991985,0.0016466373159432278,0.4987986786781865,-0.816437172226941
band,coord_oracle,4000,0.21695272104997593,0.001238543353908901,0.4987986786781865,-0.816437172226941
band,coord_oracle,8000,0.10417918123303216,0.0006710918976084175,0.4987986786781865,-0.816437172226941
