case,optimizer,step,risk_mean,risk_std,q_eff_mean,risk_slope_loglog
aligned,spectral_oracle,250,1.163874920646348,0.034222555387187034,0.5,-0.9476188216514114
aligned,spectral_oracle,500,0.735475561174465,0.012625134025073705,0.5,-0.9476188216514114
aligned,spectral_oracle,1000,0.4527381294364311,0.004452074853718354,0.5,-0.9476188216514114
aligned,spectral_oracle,2000,0.2562192030031194,0.0019242065331900348,0.5,-0.9476188216514114
aligned,spectral_oracle,4000,0.1285590614087547,0.0008321791721040462,0.5,-0.9476188216514114
aligned,spectral_oracle,8000,0.05171684074040593,0.00041711600811942823,0.5,-0.9476188216514114
