case,optimizer,step,risk_mean,risk_std,q_eff_mean,risk_slope_loglog
aligned,adamw,250,2.125762119544627,0.007480962776712165,0.505728916895238,-1.871844347105654
aligned,adamw,500,1.5327091055447917,0.008795664318938471,0.5022369280204764,-1.871844347105654
aligned,adamw,1000,0.7840497851081462,0.008179144642299059,0.5057201077408101,-1.871844347105654
aligned,adamw,2000,0.30677226988474493,0.0013317622867663047,0.5106521638206803,-1.871844347105654
aligned,adamw,4000,0.09105775401142341,0.00047561343453948914,0.5024930954368767,-1.871844347105654
aligned,adamw,8000,0.006848045103278244,5.798332770736253e-05,0.483920952519699,-1.871844347105654
