case,optimizer,step,risk_mean,risk_std,q_eff_mean,risk_slope_loglog
aligned,sgd,250,0.7546915675037035,0.011672168485247304,0.0,-0.4327830577083963
aligned,sgd,500,0.5905360190765474,0.006424816089865226,0.0,-0.4327830577083963
aligned,sgd,1000,0.45799270824912713,0.002531064160227281,0.0,-0.4327830577083963
aligned,sgd,2000,0.34526224324966126,0.001277911319339967,0.0,-0.4327830577083963
aligned,sgd,4000,0.25313343818049466,0.0011290297132597233,0.0,-0.4327830577083963
aligned,sgd,8000,0.1772545960872926,0.0006042814121684516,0.0,-0.4327830577083963
