case,optimizer,step,risk_mean,risk_std,q_eff_mean,risk_slope_loglog
band,adamw,250,0.31901660545163735,0.010023301654711514,0.5048649321914807,-1.3864138888587534
band,adamw,500,0.10349494502269616,0.0016904912865165526,0.5055631174585518,-1.3864138888587534
band,adamw,1000,0.010908918591665432,0.0007371829758778459,0.48951154719963264,-1.3864138888587534
band,adamw,2000,0.0021300935606608905,0.0002934519642702188,0.4832902932011377,-1.3864138888587534
band,adamw,4000,0.002066086621227327,0.00036082938167245624,0.48238745895899016,-1.3864138888587534
band,adamw,8000,0.0019474884518631645,0.00012340325903929304,0.48519918467888434,-1.3864138888587534
