case,optimizer,step,risk_mean,risk_std,q_eff_mean,risk_slope_loglog
aligned,adam,250,0.6505745273062888,0.011137834242477804,0.5069615195099961,-2.2376507199403006
aligned,adam,500,0.26615019511157867,0.002396327928835433,0.5076248905141098,-2.2376507199403006
aligned,adam,1000,0.0727330104430062,0.0009173887825163921,0.50501444588656,-2.2376507199403006
aligned,adam,2000,0.0040798521628788,0.00017567912728210454,0.48649070732334215,-2.2376507199403006
aligned,adam,4000,0.0009394036147086949,0.00018220547503268727,0.4834274512781498,-2.2376507199403006
aligned,adam,8000,0.0010036135693676452,0.00013295115250777496,0.48109598094794004,-2.2376507199403006
