case,optimizer,step,risk_mean,risk_std,q_eff_mean,risk_slope_loglog
aligned,adamw,250,0.289252136180422,0.007258478132031128,0.5075748376568343,-1.310618541024191
aligned,adamw,500,0.09269945640088113,0.0018098407106569069,0.5053322449186332,-1.310618541024191
aligned,adamw,1000,0.008774468493965223,0.0003464773620351657,0.49022039115188515,-1.310618541024191
aligned,adamw,2000,0.0021854324076645295,0.0004151052432514519,0.4859580442412762,-1.310618541024191
aligned,adamw,4000,0.0019383902760507366,0.000347403030982404,0.4857351013759105,-1.310618541024191
aligned,adamw,8000,0.002100339582241835,0.00036827244161400513,0.4830240681616635,-1.310618541024191
