case,optimizer,step,risk_mean,risk_std,q_eff_mean,risk_slope_loglog
flat,spectral_oracle,250,2.2733271680057796,0.02287195632473324,0.5,-0.6444290497526942
flat,spectral_oracle,500,1.834770943167051,0.010071150503080576,0.5,-0.6444290497526942
flat,spectral_oracle,1000,1.3239512505119564,0.008862272674522501,0.5,-0.6444290497526942
flat,spectral_oracle,2000,0.8587572907503886,0.006578682602725458,0.5,-0.6444290497526942
flat,spectral_oracle,4000,0.5314375248389491,0.0028873672193105676,0.5,-0.6444290497526942
flat,spectral_oracle,8000,0.31033400923407306,0.0015963525425183528,0.5,-0.6444290497526942
