case,optimizer,step,risk_mean,risk_std,q_eff_mean,risk_slope_loglog
band,adamw,250,2.137171241306001,0.015839434574902767,0.5021325135828508,-1.7947529510560913
band,adamw,500,1.5642254934457411,0.019280549722071202,0.5015091936687429,-1.7947529510560913
band,adamw,1000,0.8308305928527349,0.017362725534583887,0.5038738152455637,-1.7947529510560913
band,adamw,2000,0.3422686684947941,0.008947821668508393,0.505134053455343,-1.7947529510560913
band,adamw,4000,0.10222364757801876,0.0021006752508412932,0.4988040957313079,-1.7947529510560913
band,adamw,8000,0.008869671743753808,0.00029161058712218494,0.4861310569146176,-1.7947529510560913
