case,optimizer,step,risk_mean,risk_std,q_eff_mean,risk_slope_loglog
aligned,spectral_oracle,250,0.4552785508248518,0.015728711943647514,0.5,-1.7460071287024412
aligned,spectral_oracle,500,0.25608891044063725,0.006589698662672024,0.5,-1.7460071287024412
aligned,spectral_oracle,1000,0.1289963586873326,0.0013801320591955914,0.5,-1.7460071287024412
aligned,spectral_oracle,2000,0.052331240832809135,0.0007613215130250911,0.5,-1.7460071287024412
aligned,spectral_oracle,4000,0.01408382803009138,0.00011554968257947916,0.5,-1.7460071287024412
aligned,spectral_oracle,8000,0.0018252255912009588,2.46369566632103e-05,0.5,-1.7460071287024412
