case,optimizer,step,risk_mean,risk_std,q_eff_mean,risk_slope_loglog
band,rmsprop,250,0.062288763849230225,0.0027550844678517006,0.5046245623607153,-0.22104659666537071
band,rmsprop,500,0.010328274622954249,0.0004641601569190584,0.49567530807653687,-0.22104659666537071
band,rmsprop,1000,0.005075696414049762,0.0013371202313891585,0.48697619194193653,-0.22104659666537071
band,rmsprop,2000,0.004799542149645645,0.000488653151472524,0.4861197870858237,-0.22104659666537071
band,rmsprop,4000,0.004986568903647802,0.0009430911515650429,0.4859085782056664,-0.22104659666537071
band,rmsprop,8000,0.004843579181059651,0.0004414189772806658,0.4886152417950795,-0.22104659666537071
