case,optimizer,step,risk_mean,risk_std,q_eff_mean,risk_slope_loglog
flat,adamw,250,0.5548522337566034,0.0090401735131265,4.905077496784038e-05,-0.9593097510131556
flat,adamw,500,0.3740358807262335,0.0007428611668704167,6.0296195352260715e-05,-0.9593097510131556
flat,adamw,1000,0.24629134996444418,0.0041499288529773005,4.0779738801455245e-05,-0.9593097510131556
flat,adamw,2000,0.1503034064224603,0.0029827118679030414,2.874231313654274e-05,-0.9593097510131556
flat,adamw,4000,0.07505300267441285,0.0022921487311845625,6.0458313683975363e-05,-0.9593097510131556
flat,adamw,8000,0.024380845261985237,0.0004422773450754553,4.6166647587897455e-05,-0.9593097510131556
