case,optimizer,step,risk_mean,risk_std,q_eff_mean,risk_slope_loglog
aligned,adam,250,0.11095962655875351,0.003070833444389561,0.506536940753463,-0.4137684101720093
aligned,adam,500,0.018261810103679648,0.0007781288862762434,0.49763707357019005,-0.4137684101720093
aligned,adam,1000,0.004501494991262707,0.0006906083764997645,0.48716931339194247,-0.4137684101720093
aligned,adam,2000,0.004252435235174519,0.0005755149996466243,0.4884748784459383,-0.4137684101720093
aligned,adam,4000,0.004460984024061436,0.0005416052638788595,0.48931652456196273,-0.4137684101720093
aligned,adam,8000,0.00437243498449799,0.0007395551610780305,0.4877626369267459,-0.4137684101720093
