case,optimizer,step,risk_mean,risk_std,q_eff_mean,risk_slope_loglog
band,sgd,250,0.592627553182876,0.006385549494521559,0.0,-0.4926733383701735
band,sgd,500,0.4590115216805951,0.002863885994767164,0.0,-0.4926733383701735
band,sgd,1000,0.3478160453112283,0.002002571696375517,0.0,-0.4926733383701735
band,sgd,2000,0.25385777682523225,0.0009951776088136062,0.0,-0.4926733383701735
band,sgd,4000,0.17814151553001736,0.0005906150503907742,0.0,-0.4926733383701735
band,sgd,8000,0.1162970122132079,0.0004691261585608322,0.0,-0.4926733383701735
