case,optimizer,step,risk_mean,risk_std,q_eff_mean,risk_slope_loglog
band,coord_oracle,250,0.7310934757565922,0.010009343251391006,0.4987986786781865,-1.2230135819259356
band,coord_oracle,500,0.4515127302275529,0.0049004102704125,0.4987986786781865,-1.2230135819259356
band,coord_oracle,1000,0.25801955203319277,0.002225889980388665,0.4987986786781865,-1.2230135819259356
band,coord_oracle,2000,0.12916944941663416,0.0008507914113994804,0.4987986786781865,-1.2230135819259356
band,coord_oracle,4000,0.05254658974631896,0.0004740123493858867,0.4987986786781865,-1.2230135819259356
band,coord_oracle,8000,0.014434613968798391,0.0001749298503561754,0.4987986786781865,-1.2230135819259356
