case,optimizer,step,risk_mean,risk_std,q_eff_mean,risk_slope_loglog
aligned,adamw,250,0.6511006815740034,0.011140219350544264,0.5069613188815832,-2.2386140222699216
aligned,adamw,500,0.26656732276111783,0.002383940305118587,0.5076220753583338,-2.2386140222699216
aligned,adamw,1000,0.07308219907297708,0.0009234111270221133,0.5050489756389515,-2.2386140222699216
aligned,adamw,2000,0.0041751966745944115,0.00017688520764266784,0.48655918358609596,-2.2386140222699216
aligned,adamw,4000,0.0009409362386417361,0.00018210122065572608,0.4834318235119227,-2.2386140222699216
aligned,adamw,8000,0.001003420037082779,0.00013275953745325273,0.48109594653205845,-2.2386140222699216
