case,optimizer,step,risk_mean,risk_std,q_eff_mean,risk_slope_loglog
flat,coord_oracle,250,0.5227473411905759,0.00912174030534562,-3.3306690738754696e-15,-0.531474057763627
flat,coord_oracle,500,0.3984466541199071,0.005318816449837017,-3.3306690738754696e-15,-0.531474057763627
flat,coord_oracle,1000,0.2982569992359918,0.003116941686354861,-3.3306690738754696e-15,-0.531474057763627
flat,coord_oracle,2000,0.21340928546777488,0.0015970806695227635,-3.3306690738754696e-15,-0.531474057763627
flat,coord_oracle,4000,0.1464973332359254,0.002732275148655271,-3.3306690738754696e-15,-0.531474057763627
flat,coord_oracle,8000,0.09011611908713055,0.0005084599059811679,-3.3306690738754696e-15,-0.531474057763627
