case,optimizer,step,risk_mean,risk_std,q_eff_mean,risk_slope_loglog
flat,sgd,250,0.7546915675037029,0.011672168485247335,0.0,-0.4327830577083963
flat,sgd,500,0.5905360190765473,0.0064248160898652176,0.0,-0.4327830577083963
flat,sgd,1000,0.45799270824912697,0.0025310641602272407,0.0,-0.4327830577083963
flat,sgd,2000,0.3452622432496612,0.0012779113193399504,0.0,-0.4327830577083963
flat,sgd,4000,0.25313343818049455,0.0011290297132596943,0.0,-0.4327830577083963
flat,sgd,8000,0.17725459608729255,0.000604281412168469,0.0,-0.4327830577083963
