case,optimizer,step,risk_mean,risk_std,q_eff_mean,risk_slope_loglog
band,adam,250,1.16066429293977,0.022987055146423303,0.5029049710089536,-2.7061808771543263
band,adam,500,0.5472561538665051,0.017897254043639475,0.5047658029568729,-2.7061808771543263
band,adam,1000,0.20561983202115516,0.0024259636319239777,0.5056502720526485,-2.7061808771543263
band,adam,2000,0.04121045652164075,0.0009923666515620124,0.49236074032479166,-2.7061808771543263
band,adam,4000,0.001231540105566194,0.00013852495047667128,0.4785465466333546,-2.7061808771543263
band,adam,8000,0.000597435170591808,6.785785640587383e-05,0.48202897371204695,-2.7061808771543263
