case,optimizer,step,risk_mean,risk_std,q_eff_mean,risk_slope_loglog
band,adamw,250,0.6947319261126298,0.018902622186910766,0.5036392299455248,-2.281581837495228
band,adamw,500,0.2971210377547499,0.009657042521233566,0.5065622808067204,-2.281581837495228
band,adamw,1000,0.08216947404598997,0.001127973340900107,0.5009618958411808,-2.281581837495228
band,adamw,2000,0.005495561535468754,0.0002861033255622086,0.4830009031064931,-2.281581837495228
band,adamw,4000,0.001000513840188043,0.0001832708192831836,0.4795550899316832,-2.281581837495228
band,adamw,8000,0.0009909557300765064,0.0001084232715747144,0.48323898164432527,-2.281581837495228
