case,optimizer,step,risk_mean,risk_std,q_eff_mean,risk_slope_loglog
band,adam,250,2.137087362291095,0.015841169638683445,0.5021325462224333,-1.800523637313537
band,adam,500,1.563974566317624,0.01928328810771741,0.501509526795483,-1.800523637313537
band,adam,1000,0.8303486113677752,0.017359086916210773,0.5038755906245648,-1.800523637313537
band,adam,2000,0.34183486029506654,0.008929369532000455,0.5051345881163918,-1.800523637313537
band,adam,4000,0.10184274846553783,0.002097334404799898,0.49877410261857563,-1.800523637313537
band,adam,8000,0.008706362563639495,0.00028746203031755374,0.48605816806454205,-1.800523637313537
