case,optimizer,step,risk_mean,risk_std,q_eff_mean,risk_slope_loglog
flat,spectral_oracle,250,0.4552785508248526,0.01572871194364758,0.5,-1.746007128702441
flat,spectral_oracle,500,0.2560889104406374,0.0065896986626719865,0.5,-1.746007128702441
flat,spectral_oracle,1000,0.12899635868733264,0.0013801320591955812,0.5,-1.746007128702441
flat,spectral_oracle,2000,0.05233124083280914,0.0007613215130250922,0.5,-1.746007128702441
flat,spectral_oracle,4000,0.014083828030091386,0.00011554968257947543,0.5,-1.746007128702441
flat,spectral_oracle,8000,0.0018252255912009606,2.463695666320942e-05,0.5,-1.746007128702441
