case,optimizer,step,risk_mean,risk_std,q_eff_mean,risk_slope_loglog
band,coord_oracle,250,1.1386954472118351,0.017392294271322856,0.4987986786781865,-0.9424410775198238
band,coord_oracle,500,0.7310694491764099,0.009978500406396989,0.4987986786781865,-0.9424410775198238
band,coord_oracle,1000,0.45274084621097277,0.003963617583241465,0.4987986786781865,-0.9424410775198238
band,coord_oracle,2000,0.25658937562602874,0.0009991789846971004,0.4987986786781865,-0.9424410775198238
band,coord_oracle,4000,0.12901044352111066,0.0009053151800004907,0.4987986786781865,-0.9424410775198238
band,coord_oracle,8000,0.05224634008601461,0.00044571897928226477,0.4987986786781865,-0.9424410775198238
