a,b,rho,wd,dimension,n_min,n_max,num_n,rho_knee_n,wd_knee_n,sgd_count_slope_obs,sgd_count_slope_pred,adam_count_slope_obs,adam_count_slope_pred,adamw_count_slope_obs,adamw_count_slope_pred,sgd_bias_slope_obs,sgd_bias_slope_pred,adam_bias_slope_obs,adam_bias_slope_pred,adamw_bias_slope_obs,adamw_bias_slope_pred,sgd_count_slope_abs_error,adam_count_slope_abs_error,adamw_count_slope_abs_error,sgd_bias_slope_abs_error,adam_bias_slope_abs_error,adamw_bias_slope_abs_error
1.5,1.4,1e-12,0.0,50000,10.0,1000.0,24,1000000.0,inf,0.6953279010313641,0.6666666666666662,1.3378095785831474,1.3333333333333324,1.3378095785831474,1.3333333333333324,-0.27293688077529676,-0.26666666666666655,-0.5517691470083125,-0.5333333333333328,-0.5517691470083125,-0.5333333333333328,0.02866123436469792,0.004476245249815047,0.004476245249815047,0.006270214108630212,0.018435813674979706,0.018435813674979706
1.5,1.4,1e-12,0.01,50000,10.0,1000.0,24,1000000.0,100.0,0.6953279010313641,0.6666666666666662,1.3378095785831474,1.3333333333333324,0.7299369688017314,0.7254901960784311,-0.27293688077529676,-0.26666666666666655,-0.5517691470083125,-0.5333333333333328,-0.3864410804105956,-0.29019607843137235,0.02866123436469792,0.004476245249815047,0.004446772723300296,0.006270214108630212,0.018435813674979706,0.09624500197922325
