case,optimizer,step,risk_mean,risk_std,q_eff_mean,risk_slope_loglog
haar,spectral_oracle,250,2.2695408194245448,0.01622830928414535,0.5,-0.6440242595196708
haar,spectral_oracle,500,1.834283774123577,0.009250041372728135,0.5,-0.6440242595196708
haar,spectral_oracle,1000,1.3202404660198048,0.005733480603437806,0.5,-0.6440242595196708
haar,spectral_oracle,2000,0.8586991100459629,0.005412331401174554,0.5,-0.6440242595196708
haar,spectral_oracle,4000,0.5311947171301348,0.0023250686871033334,0.5,-0.6440242595196708
haar,spectral_oracle,8000,0.31032236076120134,0.0016547316385008325,0.5,-0.6440242595196708
