case,optimizer,step,risk_mean,risk_std,q_eff_mean,risk_slope_loglog
band,spectral_oracle,250,1.5266620914927356,0.009409859466824756,0.5,-0.8198492859408948
band,spectral_oracle,500,1.0279049249052246,0.004489418219723028,0.5,-0.8198492859408948
band,spectral_oracle,1000,0.6516313799138714,0.004636211473540601,0.5,-0.8198492859408948
band,spectral_oracle,2000,0.3914806648048413,0.0016001845923294157,0.5,-0.8198492859408948
band,spectral_oracle,4000,0.21689462769043807,0.0005162830843071255,0.5,-0.8198492859408948
band,spectral_oracle,8000,0.10395213403312145,0.00043871404515217143,0.5,-0.8198492859408948
