case,optimizer,step,risk_mean,risk_std,q_eff_mean,risk_slope_loglog
aligned,coord_oracle,250,1.163874920646348,0.03422255538718693,0.4999865397818023,-0.9476188216514114
aligned,coord_oracle,500,0.735475561174465,0.012625134025073695,0.4999865397818023,-0.9476188216514114
aligned,coord_oracle,1000,0.4527381294364311,0.00445207485371835,0.4999865397818023,-0.9476188216514114
aligned,coord_oracle,2000,0.2562192030031194,0.001924206533190049,0.4999865397818023,-0.9476188216514114
aligned,coord_oracle,4000,0.1285590614087547,0.0008321791721040455,0.4999865397818023,-0.9476188216514114
aligned,coord_oracle,8000,0.05171684074040593,0.0004171160081194294,0.4999865397818023,-0.9476188216514114
