case,optimizer,step,risk_mean,risk_std,q_eff_mean,risk_slope_loglog
flat,adamw,250,0.9228105001394582,0.013529225281143299,0.00014159961466118088,-0.6540902110032282
flat,adamw,500,0.6500938950103257,0.005970678274171948,7.17169716054844e-05,-0.6540902110032282
flat,adamw,1000,0.4464264462462588,0.005127046964378446,6.440268038863107e-05,-0.6540902110032282
flat,adamw,2000,0.29622809033429087,0.002271945284986346,5.391936959169286e-05,-0.6540902110032282
flat,adamw,4000,0.18712882098410738,0.0005072418036396765,3.2604857572371414e-05,-0.6540902110032282
flat,adamw,8000,0.1040583265085778,0.0006249243498218471,6.534564034401668e-05,-0.6540902110032282
