case,optimizer,step,risk_mean,risk_std,q_eff_mean,risk_slope_loglog
flat,coord_oracle,250,0.40163374271897967,0.009449580934266023,-3.3306690738754696e-15,-0.643544090392685
flat,coord_oracle,500,0.29872607702370535,0.00471021854952536,-3.3306690738754696e-15,-0.643544090392685
flat,coord_oracle,1000,0.2174055745943809,0.005754980122058066,-3.3306690738754696e-15,-0.643544090392685
flat,coord_oracle,2000,0.1462037791115242,0.001992908183790866,-3.3306690738754696e-15,-0.643544090392685
flat,coord_oracle,4000,0.09295709447125693,0.0027102095569493216,-3.3306690738754696e-15,-0.643544090392685
flat,coord_oracle,8000,0.04910625667111154,0.0006922340497050089,-3.3306690738754696e-15,-0.643544090392685
