case,optimizer,step,risk_mean,risk_std,q_eff_mean,risk_slope_loglog
band,spectral_oracle,250,1.1482283028159064,0.0070992223723894445,0.5,-0.9463629537728457
band,spectral_oracle,500,0.7345072362970612,0.006214254401755227,0.5,-0.9463629537728457
band,spectral_oracle,1000,0.45239296626680864,0.003234391773867152,0.5,-0.9463629537728457
band,spectral_oracle,2000,0.2564002332443346,0.0005519616457932414,0.5,-0.9463629537728457
band,spectral_oracle,4000,0.12885737372333408,0.0005109862904295564,0.5,-0.9463629537728457
band,spectral_oracle,8000,0.05179420645622841,0.0003843148086138786,0.5,-0.9463629537728457
