case,optimizer,step,risk_mean,risk_std,q_eff_mean,risk_slope_loglog
aligned,adam,250,0.28880647972610973,0.007245877701307637,0.5075738723712476,-1.306884961967637
aligned,adam,500,0.092325776481822,0.001806282722643797,0.5053153386576105,-1.306884961967637
aligned,adam,1000,0.008622816735060003,0.00034402565242081553,0.490135428624101,-1.306884961967637
aligned,adam,2000,0.002185006417684873,0.0004115187534157767,0.48592913677124583,-1.306884961967637
aligned,adam,4000,0.001940169306089487,0.00034726238399766275,0.4857337860573576,-1.306884961967637
aligned,adam,8000,0.0020997609745792064,0.000370051094761036,0.4830212059639486,-1.306884961967637
