case,optimizer,step,risk_mean,risk_std,q_eff_mean,risk_slope_loglog
aligned,coord_oracle,250,1.5431084307689296,0.036222078185881725,0.4999865397818023,-0.821422097064125
aligned,coord_oracle,500,1.028632624266306,0.013188777949159769,0.4999865397818023,-0.821422097064125
aligned,coord_oracle,1000,0.6549198808781748,0.006757652106170429,0.4999865397818023,-0.821422097064125
aligned,coord_oracle,2000,0.39198962184347086,0.0028972650833178214,0.4999865397818023,-0.821422097064125
aligned,coord_oracle,4000,0.21662131424436598,0.0009916632744134146,0.4999865397818023,-0.821422097064125
aligned,coord_oracle,8000,0.10378637339066596,0.0007950355930877193,0.4999865397818023,-0.821422097064125
