case,optimizer,step,risk_mean,risk_std,q_eff_mean,risk_slope_loglog
aligned,spectral_oracle,250,0.7452496328729545,0.023753677662507043,0.5,-1.2331198919854858
aligned,spectral_oracle,500,0.4496569933759359,0.009666884246519568,0.5,-1.2331198919854858
aligned,spectral_oracle,1000,0.25683922431989414,0.0023965230911634178,0.5,-1.2331198919854858
aligned,spectral_oracle,2000,0.1289032180983372,0.001345696532600993,0.5,-1.2331198919854858
aligned,spectral_oracle,4000,0.05197173980419689,0.0004630977100038317,0.5,-1.2331198919854858
aligned,spectral_oracle,8000,0.013925090316306335,7.285098844464861e-05,0.5,-1.2331198919854858
