case,optimizer,step,risk_mean,risk_std,q_eff_mean,risk_slope_loglog
band,sgd,250,0.7497449796517446,0.007767221232381023,0.0,-0.4324654335403092
band,sgd,500,0.5908688172364658,0.003754701389540495,0.0,-0.4324654335403092
band,sgd,1000,0.4587092542356035,0.0019837324718524007,0.0,-0.4324654335403092
band,sgd,2000,0.34596793632921946,0.0017967450217317642,0.0,-0.4324654335403092
band,sgd,4000,0.2532750944800752,0.0008223722293691031,0.0,-0.4324654335403092
band,sgd,8000,0.1776389677947381,0.00035317155644303574,0.0,-0.4324654335403092
