case,optimizer,step,risk_mean,risk_std,q_eff_mean,risk_slope_loglog
flat,adamw,250,0.23760034107339112,0.030742839204628402,5.756293790011302e-05,-1.1448969782879654
flat,adamw,500,0.13434391835549062,0.007163716674771059,9.196640966406822e-05,-1.1448969782879654
flat,adamw,1000,0.06975032117821134,0.005781263740996751,5.4811187757453086e-05,-1.1448969782879654
flat,adamw,2000,0.02713860961011298,0.006280734434339078,6.168096831169479e-05,-1.1448969782879654
flat,adamw,4000,0.011028414756818563,0.0037958907483840185,3.0958758396071316e-05,-1.1448969782879654
flat,adamw,8000,0.006389883048550449,0.0035650880663036415,7.732238406277236e-05,-1.1448969782879654
