case,optimizer,step,risk_mean,risk_std,q_eff_mean,risk_slope_loglog
aligned,adamw,250,0.11137102670731865,0.003090352245126245,0.5065476742470741,-0.41779217931909496
aligned,adamw,500,0.018490292787960598,0.000782290026103027,0.49766702060634466,-0.41779217931909496
aligned,adamw,1000,0.004505387299655687,0.0006872341381078215,0.487178792813009,-0.41779217931909496
aligned,adamw,2000,0.004244477996091778,0.000580741513326807,0.4885060119735102,-0.41779217931909496
aligned,adamw,4000,0.004457260436977251,0.0005449798723437658,0.4893309446872299,-0.41779217931909496
aligned,adamw,8000,0.004369542405386203,0.0007351711023403269,0.4877687698507853,-0.41779217931909496
