case,optimizer,step,risk_mean,risk_std,q_eff_mean,risk_slope_loglog
flat,spectral_oracle,250,1.1638749206463532,0.03422255538718786,0.5,-0.9476188216514125
flat,spectral_oracle,500,0.735475561174467,0.01262513402507364,0.5,-0.9476188216514125
flat,spectral_oracle,1000,0.4527381294364317,0.004452074853718298,0.5,-0.9476188216514125
flat,spectral_oracle,2000,0.2562192030031196,0.0019242065331900077,0.5,-0.9476188216514125
flat,spectral_oracle,4000,0.1285590614087547,0.000832179172104012,0.5,-0.9476188216514125
flat,spectral_oracle,8000,0.05171684074040593,0.0004171160081193975,0.5,-0.9476188216514125
