theta,lr,step,risk_mean,risk_std,risk_slope_loglog,q_eff_pred,alpha_eff_pred,count_slope_pred
0.0,0.01,1000,0.8102860096753601,0.0013392278642397816,nan,0.0,1.5,0.6666666666666666
0.5,0.01,1000,0.5652038623810134,0.01006648327462907,nan,0.25,1.125,0.8888888888888888
1.0,0.01,1000,0.25748016279049085,0.008776614058818315,nan,0.5,0.75,1.3333333333333333
