case,optimizer,step,risk_mean,risk_std,q_eff_mean,risk_slope_loglog
band,spectral_oracle,250,0.7346463514060291,0.00856893670191461,0.5,-1.2339018864693982
band,spectral_oracle,500,0.4508551213865163,0.003900213206030691,0.5,-1.2339018864693982
band,spectral_oracle,1000,0.2578257237595343,0.002179540394538714,0.5,-1.2339018864693982
band,spectral_oracle,2000,0.12900658008193877,0.00046163261833173495,0.5,-1.2339018864693982
band,spectral_oracle,4000,0.052091774170401964,0.0004228136803602649,0.5,-1.2339018864693982
band,spectral_oracle,8000,0.013935038016428767,0.00017236843691821545,0.5,-1.2339018864693982
