case,optimizer,step,risk_mean,risk_std,q_eff_mean,risk_slope_loglog
band,spectral_oracle,250,0.45236427926384826,0.007815812559455456,0.5,-1.751156681575434
band,spectral_oracle,500,0.25929115190119056,0.0021866567624510315,0.5,-1.751156681575434
band,spectral_oracle,1000,0.13010417690757747,0.002015278607056492,0.5,-1.751156681575434
band,spectral_oracle,2000,0.052413240101872496,0.00047267989669874465,0.5,-1.751156681575434
band,spectral_oracle,4000,0.014094094256049405,0.00015425943886551702,0.5,-1.751156681575434
band,spectral_oracle,8000,0.001822473783862166,4.503701594924572e-05,0.5,-1.751156681575434
