case,optimizer,step,risk_mean,risk_std,q_eff_mean,risk_slope_loglog
flat,adam,250,0.2372353814235013,0.030644336793426687,5.7382584462239985e-05,-1.1276326242158092
flat,adam,500,0.13384725618290977,0.007051091902200312,9.173722024604646e-05,-1.1276326242158092
flat,adam,1000,0.06906014506418681,0.005887342984582569,5.173452101154829e-05,-1.1276326242158092
flat,adam,2000,0.0261976941111306,0.006535385989623203,6.317750665978395e-05,-1.1276326242158092
flat,adam,4000,0.01374967273151172,0.00952182975116144,4.64163326822975e-05,-1.1276326242158092
flat,adam,8000,0.006023110285764305,0.003443428343330657,8.010548293484465e-05,-1.1276326242158092
