case,optimizer,step,risk_mean,risk_std,q_eff_mean,risk_slope_loglog
aligned,adamw,250,1.1270966128754965,0.01261661637078764,0.5063993413656567,-2.690125592581357
aligned,adamw,500,0.49825589573442786,0.004602316640071499,0.5057542405822331,-2.690125592581357
aligned,adamw,1000,0.1857169558423411,0.0015541909258941719,0.5098446286892084,-2.690125592581357
aligned,adamw,2000,0.036003744682546676,0.0006851796392378383,0.4972791956455172,-2.690125592581357
aligned,adamw,4000,0.0010097162323599597,0.00010231474807149893,0.482709762814746,-2.690125592581357
aligned,adamw,8000,0.0006035817196705523,8.518021768255554e-05,0.4801912569119432,-2.690125592581357
