case,optimizer,step,risk_mean,risk_std,q_eff_mean,risk_slope_loglog
flat,spectral_oracle,250,1.5431084307689362,0.036222078185882446,0.5,-0.8214220970641263
flat,spectral_oracle,500,1.0286326242663104,0.013188777949160206,0.5,-0.8214220970641263
flat,spectral_oracle,1000,0.6549198808781765,0.0067576521061704555,0.5,-0.8214220970641263
flat,spectral_oracle,2000,0.39198962184347136,0.002897265083317854,0.5,-0.8214220970641263
flat,spectral_oracle,4000,0.21662131424436612,0.0009916632744134016,0.5,-0.8214220970641263
flat,spectral_oracle,8000,0.10378637339066596,0.000795035593087719,0.5,-0.8214220970641263
