case,optimizer,step,risk_mean,risk_std,q_eff_mean,risk_slope_loglog
flat,sgd,250,1.2698005038678724,0.018108845009915837,0.0,-0.3558880185483346
flat,sgd,500,1.0146746721316053,0.010046913851929797,0.0,-0.3558880185483346
flat,sgd,1000,0.8124641605719309,0.004419023321490335,0.0,-0.3558880185483346
flat,sgd,2000,0.6387473539125977,0.0029313478558341097,0.0,-0.3558880185483346
flat,sgd,4000,0.4960223374406517,0.001214277147822998,0.0,-0.3558880185483346
flat,sgd,8000,0.37828007405609,0.000988497387410586,0.0,-0.3558880185483346
