case,optimizer,step,risk_mean,risk_std,q_eff_mean,risk_slope_loglog
aligned,rmsprop,250,0.052157168076796843,0.002906678301050741,0.5047113453639179,-0.22727264333086888
aligned,rmsprop,500,0.008592142931602743,0.0006659158389832427,0.49321204017696507,-0.22727264333086888
aligned,rmsprop,1000,0.005269673545205754,0.00043854214461804675,0.48658355118086244,-0.22727264333086888
aligned,rmsprop,2000,0.005298591989518356,0.0010991944089432171,0.48933160515548046,-0.22727264333086888
aligned,rmsprop,4000,0.0042806656237584385,0.0004385717083539239,0.4894941553255512,-0.22727264333086888
aligned,rmsprop,8000,0.004336689036662002,0.000468547329274141,0.487544104935446,-0.22727264333086888
