theta,lr,step,risk_mean,risk_std,risk_slope_loglog,q_eff_pred,alpha_eff_pred,count_slope_pred
0.0,0.03,8000,0.31768788296554334,0.0008449370986024121,-0.3297112439426772,0.0,1.5,0.6666666666666666
0.25,0.03,8000,0.2244802769837853,0.0004521497020306865,-0.39876559837627534,0.125,1.3125,0.7619047619047619
0.5,0.03,8000,0.1329929144324355,0.0004005154146107648,-0.5088775868775076,0.25,1.125,0.8888888888888888
0.75,0.03,8000,0.053399854522693926,0.00016732496247617452,-0.723500332732047,0.375,0.9375,1.0666666666666667
1.0,0.03,8000,0.0074171900956408856,7.123782956178227e-05,-1.2516680415278474,0.5,0.75,1.3333333333333333
