case,optimizer,step,risk_mean,risk_std,q_eff_mean,risk_slope_loglog
flat,coord_oracle,250,0.7958922739476454,0.011833688420413126,-3.3306690738754696e-15,-0.4222799898378416
flat,coord_oracle,500,0.6243241565344648,0.006583264895264581,-3.3306690738754696e-15,-0.4222799898378416
flat,coord_oracle,1000,0.4861643939327916,0.0025438082291468944,-3.3306690738754696e-15,-0.4222799898378416
flat,coord_oracle,2000,0.36866593683083193,0.001403907301929789,-3.3306690738754696e-15,-0.4222799898378416
flat,coord_oracle,4000,0.2722736198035582,0.0010160773408527377,-3.3306690738754696e-15,-0.4222799898378416
flat,coord_oracle,8000,0.19306529510551407,0.0006013395446590902,-3.3306690738754696e-15,-0.4222799898378416
