case,optimizer,step,risk_mean,risk_std,q_eff_mean,risk_slope_loglog
flat,rmsprop,250,0.7541152926398664,0.014944500922863512,-0.00013534940175343734,-0.6167110750771984
flat,rmsprop,500,0.5754240036366544,0.009181497038094732,8.924429217180841e-05,-0.6167110750771984
flat,rmsprop,1000,0.41642622269360186,0.003040426199654718,6.523059333041203e-05,-0.6167110750771984
flat,rmsprop,2000,0.2850384684484963,0.002051547469074595,8.001654460916274e-05,-0.6167110750771984
flat,rmsprop,4000,0.1836181666729896,0.0022141475575704907,6.643421670646799e-05,-0.6167110750771984
flat,rmsprop,8000,0.10222486000188342,0.0009422316757921139,5.100899537087144e-05,-0.6167110750771984
