case,optimizer,step,risk_mean,risk_std,q_eff_mean,risk_slope_loglog
aligned,coord_oracle,250,0.7452496328729545,0.023753677662507047,0.4999865397818023,-1.2331198919854858
aligned,coord_oracle,500,0.4496569933759359,0.00966688424651959,0.4999865397818023,-1.2331198919854858
aligned,coord_oracle,1000,0.25683922431989414,0.0023965230911634178,0.4999865397818023,-1.2331198919854858
aligned,coord_oracle,2000,0.1289032180983372,0.0013456965326010069,0.4999865397818023,-1.2331198919854858
aligned,coord_oracle,4000,0.05197173980419688,0.0004630977100038297,0.4999865397818023,-1.2331198919854858
aligned,coord_oracle,8000,0.013925090316306338,7.285098844464822e-05,0.4999865397818023,-1.2331198919854858
