case,optimizer,step,risk_mean,risk_std,q_eff_mean,risk_slope_loglog
aligned,adam,250,2.1256768525467598,0.007481106766493314,0.5057289456928139,-1.8781267857881077
aligned,adam,500,1.5324516603567566,0.008795126413542798,0.5022372625926764,-1.8781267857881077
aligned,adam,1000,0.7835561229355157,0.008173524509182298,0.5057226083434043,-1.8781267857881077
aligned,adam,2000,0.3063789743790178,0.0013266317406710369,0.5106550795782807,-1.8781267857881077
aligned,adam,4000,0.09071193465120568,0.0004748795330172863,0.5024532420953172,-1.8781267857881077
aligned,adam,8000,0.006710071266123274,5.652982349131443e-05,0.48383281237017073,-1.8781267857881077
