case,optimizer,step,risk_mean,risk_std,q_eff_mean,risk_slope_loglog
aligned,sgd,250,1.2698005038678724,0.018108845009915095,0.0,-0.3558880185483345
aligned,sgd,500,1.0146746721316053,0.010046913851929568,0.0,-0.3558880185483345
aligned,sgd,1000,0.8124641605719312,0.004419023321490285,0.0,-0.3558880185483345
aligned,sgd,2000,0.638747353912598,0.00293134785583416,0.0,-0.3558880185483345
aligned,sgd,4000,0.49602233744065183,0.0012142771478229734,0.0,-0.3558880185483345
aligned,sgd,8000,0.37828007405609004,0.0009884973874106197,0.0,-0.3558880185483345
