case,optimizer,step,risk_mean,risk_std,q_eff_mean,risk_slope_loglog
band,adamw,250,1.1610646476958753,0.02298586099386397,0.5029046875119277,-2.70213542208891
band,adamw,500,0.5477524747301395,0.017900559087206294,0.5047627572099196,-2.70213542208891
band,adamw,1000,0.20606037641193126,0.002446089146452012,0.5056534550131764,-2.70213542208891
band,adamw,2000,0.04152254376628526,0.000996901119104436,0.4924249486915234,-2.70213542208891
band,adamw,4000,0.0012669694199007118,0.00013790967148792405,0.4785546504331841,-2.70213542208891
band,adamw,8000,0.0005985210848597042,6.769781240139386e-05,0.4820473170150709,-2.70213542208891
