case,optimizer,step,risk_mean,risk_std,q_eff_mean,risk_slope_loglog
flat,coord_oracle,250,0.668550887949156,0.010914506642502996,-3.3306690738754696e-15,-0.4597901846137089
flat,coord_oracle,500,0.5194633957391117,0.006157117657807202,-3.3306690738754696e-15,-0.4597901846137089
flat,coord_oracle,1000,0.39873084709900164,0.0025510193774263426,-3.3306690738754696e-15,-0.4597901846137089
flat,coord_oracle,2000,0.29620721398040906,0.0012238266745288572,-3.3306690738754696e-15,-0.4597901846137089
flat,coord_oracle,4000,0.2132174113847932,0.0015212935163767126,-3.3306690738754696e-15,-0.4597901846137089
flat,coord_oracle,8000,0.1443545071364886,0.0006105678465514711,-3.3306690738754696e-15,-0.4597901846137089
