case,optimizer,step,risk_mean,risk_std,q_eff_mean,risk_slope_loglog
band,coord_oracle,250,0.4530362966528103,0.007621415792432895,0.4987986786781865,-1.7116082333969354
band,coord_oracle,500,0.25957749409738373,0.002791157245807987,0.4987986786781865,-1.7116082333969354
band,coord_oracle,1000,0.13029000757937384,0.0022382276858723686,0.4987986786781865,-1.7116082333969354
band,coord_oracle,2000,0.05286154975940799,0.0006136640514829886,0.4987986786781865,-1.7116082333969354
band,coord_oracle,4000,0.014592187651750901,0.00014246682282353698,0.4987986786781865,-1.7116082333969354
band,coord_oracle,8000,0.002057952241010446,4.299759524767967e-05,0.4987986786781865,-1.7116082333969354
