case,optimizer,step,risk_mean,risk_std,q_eff_mean,risk_slope_loglog
band,adam,250,0.6942132114192944,0.01889990490855495,0.5036398095461396,-2.2807263476496686
band,adam,500,0.29666084926990544,0.009630858626420295,0.506565520955002,-2.2807263476496686
band,adam,1000,0.08178520784834378,0.0011195855284417825,0.5009326405418497,-2.2807263476496686
band,adam,2000,0.0053785032040428015,0.00028203332817857785,0.48295116263113547,-2.2807263476496686
band,adam,4000,0.0010004283214178097,0.0001853573390477656,0.47958318875827344,-2.2807263476496686
band,adam,8000,0.0009900780103234577,0.00010810838991316095,0.48322303782606485,-2.2807263476496686
