case,optimizer,step,risk_mean,risk_std,q_eff_mean,risk_slope_loglog
aligned,adam,250,1.1266860374032528,0.01261497994473375,0.506399558548995,-2.6935524872915724
aligned,adam,500,0.49777379836384184,0.004587319028240963,0.505757745610562,-2.6935524872915724
aligned,adam,1000,0.1853219246334826,0.0015462749777924358,0.5098425705455863,-2.6935524872915724
aligned,adam,2000,0.0357194638497212,0.0006836547339133301,0.49720769503574613,-2.6935524872915724
aligned,adam,4000,0.0009820176729672424,0.00010196258139923438,0.4826958749709755,-2.6935524872915724
aligned,adam,8000,0.0006035806575889991,8.463846897010052e-05,0.4801944484766694,-2.6935524872915724
